{"stats":{"minecraft:mined":{"minecraft:grass":8,"minecraft:tall_grass":6},"minecraft:killed":{"minecraft:cow":1},"minecraft:picked_up":{"minecraft:beef":1,"minecraft:wheat_seeds":2},"minecraft:custom":{"minecraft:jump":71,"minecraft:time_since_rest":8857,"minecraft:damage_dealt":110,"minecraft:sprint_one_cm":6149,"minecraft:play_time":8857,"minecraft:time_since_death":8857,"minecraft:walk_one_cm":7078,"minecraft:sneak_time":3,"minecraft:total_world_time":8857,"minecraft:mob_kills":1,"minecraft:fall_one_cm":1312,"minecraft:fly_one_cm":20116}},"DataVersion":3465}